{"stats":{"minecraft:broken":{"minecraft:stone_pickaxe":1,"minecraft:wooden_shovel":3,"minecraft:stone_axe":1},"minecraft:crafted":{"minecraft:wooden_shovel":4,"minecraft:crafting_table":2,"minecraft:spruce_planks":228,"minecraft:wooden_pickaxe":2,"minecraft:spruce_door":3,"minecraft:furnace":2,"minecraft:stone":66,"minecraft:stone_axe":2,"minecraft:cooked_mutton":4,"minecraft:air":0,"minecraft:spruce_stairs":4,"minecraft:shield":1,"minecraft:stick":112,"minecraft:iron_ingot":6,"minecraft:iron_pickaxe":1,"minecraft:stone_pickaxe":2,"minecraft:stonecutter":1,"minecraft:white_bed":1,"minecraft:torch":92},"minecraft:killed":{"minecraft:spider":1,"minecraft:sheep":3,"minecraft:enderman":1},"minecraft:custom":{"minecraft:interact_with_furnace":24,"minecraft:mob_kills":5,"minecraft:interact_with_crafting_table":25,"minecraft:interact_with_stonecutter":5,"minecraft:leave_game":5,"minecraft:time_since_death":3860,"minecraft:sleep_in_bed":12,"minecraft:climb_one_cm":8299,"minecraft:time_since_rest":4088,"minecraft:sprint_one_cm":138971,"minecraft:damage_taken":1020,"minecraft:walk_one_cm":170234,"minecraft:damage_blocked_by_shield":225,"minecraft:trigger_trapped_chest":1,"minecraft:damage_dealt":1096,"minecraft:swim_one_cm":36983,"minecraft:talked_to_villager":2,"minecraft:fly_one_cm":97892,"minecraft:open_chest":4,"minecraft:crouch_one_cm":1496,"minecraft:play_time":89106,"minecraft:deaths":3,"minecraft:sneak_time":587,"minecraft:walk_under_water_one_cm":14049,"minecraft:jump":768,"minecraft:interact_with_blast_furnace":1,"minecraft:walk_on_water_one_cm":7858,"minecraft:total_world_time":89106,"minecraft:fall_one_cm":15002},"minecraft:killed_by":{"minecraft:silverfish":1,"minecraft:stray":1,"minecraft:zombie":1},"minecraft:mined":{"minecraft:spruce_planks":5,"minecraft:brown_mushroom":1,"minecraft:white_bed":3,"minecraft:spruce_door":15,"minecraft:crafting_table":3,"minecraft:torch":2,"minecraft:short_grass":2,"minecraft:blast_furnace":1,"minecraft:grass_block":223,"minecraft:cobblestone":5,"minecraft:spruce_leaves":33,"minecraft:wall_torch":1,"minecraft:furnace":2,"minecraft:iron_ore":6,"minecraft:sweet_berry_bush":9,"minecraft:snow":16,"minecraft:spruce_log":112,"minecraft:andesite":2,"minecraft:stripped_spruce_log":1,"minecraft:pointed_dripstone":1,"minecraft:coal_ore":49,"minecraft:dirt_path":2,"minecraft:dirt":33,"minecraft:stone_bricks":13,"minecraft:stonecutter":1,"minecraft:stone":165,"minecraft:infested_stone":3,"minecraft:fern":8},"minecraft:picked_up":{"minecraft:crafting_table":3,"minecraft:tripwire_hook":2,"minecraft:andesite":6,"minecraft:brown_mushroom":12,"minecraft:wooden_pickaxe":4,"minecraft:shield":1,"minecraft:dirt":514,"minecraft:cooked_mutton":1,"minecraft:stone_bricks":17,"minecraft:cracked_stone_bricks":4,"minecraft:stonecutter":1,"minecraft:wheat_seeds":6,"minecraft:spruce_planks":97,"minecraft:stone_pickaxe":2,"minecraft:wooden_shovel":2,"minecraft:iron_pickaxe":2,"minecraft:egg":1,"minecraft:furnace":2,"minecraft:stick":149,"minecraft:raw_iron":6,"minecraft:sweet_berries":48,"minecraft:torch":118,"minecraft:spruce_stairs":6,"minecraft:stripped_spruce_log":1,"minecraft:spruce_sapling":22,"minecraft:blast_furnace":1,"minecraft:spruce_log":133,"minecraft:white_bed":3,"minecraft:trapped_chest":2,"minecraft:spruce_door":15,"minecraft:rotten_flesh":4,"minecraft:arrow":3,"minecraft:stone_axe":2,"minecraft:mutton":6,"minecraft:coal":61,"minecraft:snowball":48,"minecraft:white_wool":3,"minecraft:cobblestone":215,"minecraft:ender_pearl":3},"minecraft:used":{"minecraft:cooked_mutton":4,"minecraft:spruce_door":16,"minecraft:stone_pickaxe":205,"minecraft:wooden_pickaxe":55,"minecraft:spruce_planks":60,"minecraft:shield":29,"minecraft:stonecutter":2,"minecraft:wooden_shovel":222,"minecraft:torch":42,"minecraft:dirt":123,"minecraft:crafting_table":5,"minecraft:spruce_stairs":1,"minecraft:white_bed":4,"minecraft:spruce_log":40,"minecraft:stripped_spruce_log":1,"minecraft:iron_pickaxe":18,"minecraft:spruce_sapling":4,"minecraft:stone_bricks":75,"minecraft:stone_axe":176,"minecraft:cobblestone":7,"minecraft:sweet_berries":3,"minecraft:furnace":4,"minecraft:trapped_chest":1}},"DataVersion":3700}