{"stats":{"minecraft:used":{"minecraft:stone_shovel":89,"minecraft:stone_pickaxe":90,"minecraft:chest":7,"minecraft:wooden_pickaxe":8,"minecraft:bell":1,"minecraft:orange_bed":2,"minecraft:torch":14,"minecraft:dirt":99,"minecraft:hopper":5,"minecraft:jungle_planks":1,"minecraft:blast_furnace":1,"minecraft:acacia_sapling":1,"minecraft:wooden_hoe":35,"minecraft:bread":9,"minecraft:string":12,"minecraft:gravel":1,"minecraft:stone_axe":41,"minecraft:tripwire_hook":1,"minecraft:cobblestone":13,"minecraft:egg":1,"minecraft:acacia_planks":9},"minecraft:custom":{"minecraft:interact_with_furnace":3,"minecraft:mob_kills":3,"minecraft:inspect_hopper":3,"minecraft:traded_with_villager":82,"minecraft:interact_with_crafting_table":13,"minecraft:open_barrel":5,"minecraft:bell_ring":52,"minecraft:leave_game":4,"minecraft:time_since_death":23218,"minecraft:sleep_in_bed":2,"minecraft:climb_one_cm":196,"minecraft:time_since_rest":18703,"minecraft:sprint_one_cm":121043,"minecraft:damage_taken":583,"minecraft:walk_one_cm":97817,"minecraft:drop":72,"minecraft:damage_dealt":695,"minecraft:talked_to_villager":17,"minecraft:fly_one_cm":50661,"minecraft:open_chest":26,"minecraft:crouch_one_cm":3044,"minecraft:play_time":38787,"minecraft:sneak_time":1334,"minecraft:deaths":1,"minecraft:walk_under_water_one_cm":383,"minecraft:jump":385,"minecraft:interact_with_blast_furnace":4,"minecraft:walk_on_water_one_cm":6731,"minecraft:total_world_time":38787,"minecraft:fall_one_cm":6155},"minecraft:dropped":{"minecraft:bread":72,"minecraft:stone_axe":1,"minecraft:wheat_seeds":19,"minecraft:lapis_lazuli":58,"minecraft:raw_iron":30,"minecraft:stone_shovel":2,"minecraft:cobblestone":15,"minecraft:acacia_trapdoor":2,"minecraft:coal":9,"minecraft:cobblestone_stairs":3,"minecraft:stick":6,"minecraft:emerald":9,"minecraft:dirt":212,"minecraft:hay_block":1,"minecraft:diorite":2,"minecraft:mutton":1,"minecraft:andesite":1,"minecraft:melon_seeds":4,"minecraft:oak_sapling":1,"minecraft:bamboo":2,"minecraft:iron_axe":12,"minecraft:arrow":1,"minecraft:wooden_pickaxe":2,"minecraft:stone_pickaxe":1,"minecraft:string":275,"minecraft:acacia_fence":1,"minecraft:white_wool":1,"minecraft:acacia_planks":26,"minecraft:egg":1},"minecraft:killed_by":{"minecraft:iron_golem":1},"minecraft:crafted":{"minecraft:stone_shovel":1,"minecraft:emerald":70,"minecraft:wooden_pickaxe":1,"minecraft:stone_axe":1,"minecraft:bread":90,"minecraft:air":0,"minecraft:jungle_planks":12,"minecraft:wooden_hoe":1,"minecraft:iron_axe":12,"minecraft:stick":12,"minecraft:iron_ingot":14,"minecraft:stone_pickaxe":1,"minecraft:acacia_planks":72,"minecraft:torch":16,"minecraft:wheat":270},"minecraft:killed":{"minecraft:skeleton":2,"minecraft:chicken":1},"minecraft:picked_up":{"minecraft:tripwire_hook":1,"minecraft:andesite":1,"minecraft:jungle_log":3,"minecraft:wooden_pickaxe":3,"minecraft:cobblestone_stairs":3,"minecraft:dirt":342,"minecraft:lapis_lazuli":58,"minecraft:string":2197,"minecraft:bone":1,"minecraft:acacia_planks":28,"minecraft:wheat_seeds":19,"minecraft:acacia_trapdoor":2,"minecraft:bell":1,"minecraft:stone_pickaxe":2,"minecraft:bamboo":2,"minecraft:chest":7,"minecraft:acacia_sapling":1,"minecraft:egg":3,"minecraft:stick":8,"minecraft:raw_iron":30,"minecraft:acacia_fence":1,"minecraft:torch":4,"minecraft:acacia_log":18,"minecraft:gravel":1,"minecraft:jungle_planks":1,"minecraft:diorite":2,"minecraft:orange_bed":2,"minecraft:arrow":1,"minecraft:stone_shovel":2,"minecraft:stone_axe":2,"minecraft:hay_block":31,"minecraft:bread":79,"minecraft:emerald":2,"minecraft:oak_sapling":1,"minecraft:melon_seeds":4,"minecraft:mutton":1,"minecraft:hopper":5,"minecraft:coal":47,"minecraft:white_wool":1,"minecraft:cobblestone":50},"minecraft:mined":{"minecraft:glass_pane":1,"minecraft:short_grass":5,"minecraft:acacia_log":19,"minecraft:grass_block":30,"minecraft:chest":7,"minecraft:jungle_log":3,"minecraft:cobblestone":2,"minecraft:hopper":5,"minecraft:wall_torch":1,"minecraft:hay_block":31,"minecraft:bell":1,"minecraft:coal_ore":38,"minecraft:vine":1,"minecraft:dirt_path":6,"minecraft:gravel":1,"minecraft:dirt":90,"minecraft:acacia_planks":2,"minecraft:tripwire_hook":1,"minecraft:stone":34,"minecraft:tripwire":2,"minecraft:orange_bed":2}},"DataVersion":3700}