{"stats":{"minecraft:used":{"minecraft:stone_shovel":458,"minecraft:chest":6,"minecraft:orange_bed":1,"minecraft:torch":39,"minecraft:dirt":70,"minecraft:white_carpet":4,"minecraft:hopper":3,"minecraft:barrel":5,"minecraft:bamboo":2,"minecraft:tripwire_hook":4,"minecraft:emerald_block":23,"minecraft:furnace":2,"minecraft:oak_sapling":1,"minecraft:acacia_fence":21,"minecraft:egg":2,"minecraft:water_bucket":5,"minecraft:cobblestone_stairs":2,"minecraft:acacia_trapdoor":2,"minecraft:stone_pickaxe":91,"minecraft:wooden_pickaxe":24,"minecraft:sugar_cane":24,"minecraft:crafting_table":5,"minecraft:brown_banner":2,"minecraft:white_bed":2,"minecraft:shears":4,"minecraft:lever":3,"minecraft:apple":1,"minecraft:acacia_sign":4,"minecraft:bread":13,"minecraft:melon_slice":16,"minecraft:string":9,"minecraft:iron_pickaxe":26,"minecraft:stone_axe":147,"minecraft:cobblestone":32,"minecraft:cooked_porkchop":3,"minecraft:bucket":5},"minecraft:custom":{"minecraft:mob_kills":22,"minecraft:inspect_hopper":3,"minecraft:interact_with_crafting_table":1441,"minecraft:open_barrel":130,"minecraft:leave_game":2,"minecraft:time_since_death":81178,"minecraft:climb_one_cm":1661,"minecraft:sprint_one_cm":351264,"minecraft:walk_one_cm":209653,"minecraft:drop":42,"minecraft:talked_to_villager":118,"minecraft:play_time":157358,"minecraft:sneak_time":12281,"minecraft:deaths":3,"minecraft:walk_under_water_one_cm":3785,"minecraft:jump":2691,"minecraft:walk_on_water_one_cm":14165,"minecraft:total_world_time":157358,"minecraft:interact_with_furnace":460,"minecraft:traded_with_villager":200,"minecraft:sleep_in_bed":8,"minecraft:time_since_rest":54859,"minecraft:damage_taken":1431,"minecraft:damage_dealt":3176,"minecraft:swim_one_cm":19569,"minecraft:fly_one_cm":607867,"minecraft:open_chest":27,"minecraft:crouch_one_cm":45688,"minecraft:fall_one_cm":80639},"minecraft:dropped":{"minecraft:wheat_seeds":5,"minecraft:cobblestone":7,"minecraft:granite":3,"minecraft:stick":7,"minecraft:cobblestone_stairs":6,"minecraft:dirt":529,"minecraft:diorite":2,"minecraft:string":50,"minecraft:acacia_planks":4,"minecraft:stone_axe":2,"minecraft:stone_shovel":2,"minecraft:oak_planks":1,"minecraft:acacia_stairs":1,"minecraft:andesite":1,"minecraft:hopper":1,"minecraft:chest":1,"minecraft:arrow":2,"minecraft:wooden_pickaxe":1,"minecraft:acacia_fence":1},"minecraft:killed_by":{"minecraft:creeper":1,"minecraft:skeleton":1},"minecraft:crafted":{"minecraft:oak_planks":16,"minecraft:stone_shovel":5,"minecraft:barrel":3,"minecraft:tripwire_hook":2,"minecraft:furnace":2,"minecraft:cobblestone_stairs":4,"minecraft:lever":1,"minecraft:white_carpet":3,"minecraft:hopper":2,"minecraft:melon_seeds":4,"minecraft:stone_pickaxe":2,"minecraft:chest":7,"minecraft:acacia_fence":27,"minecraft:emerald":200,"minecraft:cooked_porkchop":5,"minecraft:crafting_table":2,"minecraft:acacia_slab":6,"minecraft:wooden_pickaxe":3,"minecraft:acacia_trapdoor":2,"minecraft:bucket":1,"minecraft:stone_axe":3,"minecraft:air":0,"minecraft:jungle_planks":44,"minecraft:white_wool":64,"minecraft:emerald_block":23,"minecraft:acacia_sign":6,"minecraft:stick":66,"minecraft:iron_ingot":16,"minecraft:iron_pickaxe":1,"minecraft:white_bed":1,"minecraft:acacia_planks":160,"minecraft:torch":28,"minecraft:shears":1},"minecraft:killed":{"minecraft:spider":1,"minecraft:pig":6,"minecraft:iron_golem":1,"minecraft:sheep":7,"minecraft:zombie":2,"minecraft:cow":5},"minecraft:picked_up":{"minecraft:cocoa_beans":6,"minecraft:crafting_table":4,"minecraft:wooden_pickaxe":3,"minecraft:brewing_stand":2,"minecraft:string":4479,"minecraft:raw_copper":27,"minecraft:iron_axe":12,"minecraft:white_carpet":1,"minecraft:beef":7,"minecraft:poppy":1,"minecraft:melon_slice":46,"minecraft:sugar_cane":31,"minecraft:chest":2,"minecraft:furnace":1,"minecraft:egg":2,"minecraft:stick":20,"minecraft:raw_iron":60,"minecraft:acacia_fence":11,"minecraft:torch":16,"minecraft:acacia_log":40,"minecraft:porkchop":14,"minecraft:diorite":4,"minecraft:orange_bed":1,"minecraft:arrow":2,"minecraft:rotten_flesh":8,"minecraft:stone_shovel":2,"minecraft:hay_block":3,"minecraft:mutton":14,"minecraft:white_wool":8,"minecraft:cobblestone":118,"minecraft:tripwire_hook":1,"minecraft:jungle_log":11,"minecraft:andesite":2,"minecraft:leather":7,"minecraft:oak_log":4,"minecraft:cobblestone_stairs":6,"minecraft:lapis_lazuli":116,"minecraft:dirt":1533,"minecraft:acacia_planks":29,"minecraft:apple":1,"minecraft:wheat_seeds":60,"minecraft:acacia_trapdoor":2,"minecraft:stone_pickaxe":2,"minecraft:iron_ingot":4,"minecraft:grindstone":1,"minecraft:bamboo":96,"minecraft:oak_planks":3,"minecraft:ink_sac":3,"minecraft:blast_furnace":1,"minecraft:white_bed":2,"minecraft:acacia_stairs":1,"minecraft:barrel":4,"minecraft:stone_axe":5,"minecraft:lever":3,"minecraft:granite":6,"minecraft:emerald":9,"minecraft:bread":98,"minecraft:oak_sapling":4,"minecraft:brown_banner":2,"minecraft:melon_seeds":8,"minecraft:coal":26,"minecraft:hopper":2},"minecraft:mined":{"minecraft:white_bed":2,"minecraft:cobblestone_stairs":1,"minecraft:brewing_stand":2,"minecraft:granite":3,"minecraft:acacia_log":41,"minecraft:grass_block":261,"minecraft:jungle_log":11,"minecraft:hopper":1,"minecraft:furnace":1,"minecraft:iron_ore":30,"minecraft:barrel":4,"minecraft:acacia_stairs":1,"minecraft:andesite":1,"minecraft:vine":1,"minecraft:dirt_path":60,"minecraft:bamboo":8,"minecraft:stone":45,"minecraft:tripwire":1,"minecraft:orange_bed":1,"minecraft:podzol":1,"minecraft:glass_pane":2,"minecraft:crafting_table":4,"minecraft:torch":5,"minecraft:short_grass":97,"minecraft:blast_furnace":1,"minecraft:melon":9,"minecraft:chest":2,"minecraft:copper_ore":2,"minecraft:cobblestone":22,"minecraft:lapis_ore":8,"minecraft:grindstone":1,"minecraft:sugar_cane":16,"minecraft:diorite":2,"minecraft:wall_torch":5,"minecraft:seagrass":1,"minecraft:oak_log":4,"minecraft:coal_ore":12,"minecraft:cocoa":2,"minecraft:acacia_fence":10,"minecraft:dirt":275,"minecraft:acacia_planks":2,"minecraft:oak_leaves":22,"minecraft:fern":4},"minecraft:broken":{"minecraft:stone_axe":1,"minecraft:stone_shovel":3}},"DataVersion":3700}