{"stats":{"minecraft:broken":{"minecraft:stone_pickaxe":1,"minecraft:iron_pickaxe":1},"minecraft:dropped":{"minecraft:stone_hoe":10,"minecraft:iron_sword":1,"minecraft:dark_oak_stairs":2,"minecraft:wheat_seeds":1,"minecraft:ender_pearl":2,"minecraft:cobblestone":5,"minecraft:granite":2,"minecraft:spruce_leaves":1,"minecraft:dirt":463,"minecraft:snowball":166,"minecraft:iron_axe":1,"minecraft:iron_pickaxe":1,"minecraft:iron_shovel":2,"minecraft:string":654,"minecraft:trapped_chest":1,"minecraft:cobbled_deepslate":6,"minecraft:rotten_flesh":4,"minecraft:cooked_mutton":1,"minecraft:filled_map":1,"minecraft:leather_chestplate":1,"minecraft:stone_bricks":3},"minecraft:crafted":{"minecraft:barrel":1,"minecraft:tripwire_hook":6,"minecraft:lever":2,"minecraft:diamond_shovel":3,"minecraft:hopper":3,"minecraft:iron_axe":1,"minecraft:spruce_slab":6,"minecraft:stone_pickaxe":1,"minecraft:chest":9,"minecraft:stone_hoe":10,"minecraft:emerald":50,"minecraft:spruce_sign":9,"minecraft:diamond_axe":1,"minecraft:crafting_table":2,"minecraft:spruce_planks":172,"minecraft:wooden_pickaxe":1,"minecraft:iron_sword":1,"minecraft:smithing_table":1,"minecraft:bucket":2,"minecraft:bread":13,"minecraft:air":0,"minecraft:spruce_trapdoor":4,"minecraft:diamond_pickaxe":1,"minecraft:shield":1,"minecraft:stick":32,"minecraft:iron_ingot":92,"minecraft:iron_pickaxe":2,"minecraft:iron_shovel":2,"minecraft:gold_ingot":1,"minecraft:sandstone":1,"minecraft:redstone_torch":2,"minecraft:torch":64,"minecraft:shears":1,"minecraft:trapped_chest":1},"minecraft:killed":{"minecraft:spider":1,"minecraft:silverfish":3,"minecraft:zombie":5},"minecraft:custom":{"minecraft:mob_kills":10,"minecraft:inspect_hopper":4,"minecraft:interact_with_crafting_table":34,"minecraft:open_barrel":1,"minecraft:leave_game":6,"minecraft:time_since_death":20697,"minecraft:climb_one_cm":32264,"minecraft:sprint_one_cm":341772,"minecraft:walk_one_cm":218354,"minecraft:damage_blocked_by_shield":105,"minecraft:drop":73,"minecraft:talked_to_villager":24,"minecraft:play_time":115060,"minecraft:deaths":1,"minecraft:sneak_time":17774,"minecraft:walk_under_water_one_cm":7522,"minecraft:jump":1721,"minecraft:interact_with_brewingstand":2,"minecraft:interact_with_blast_furnace":15,"minecraft:walk_on_water_one_cm":11770,"minecraft:total_world_time":115060,"minecraft:traded_with_villager":66,"minecraft:sleep_in_bed":5,"minecraft:time_since_rest":682,"minecraft:damage_taken":1622,"minecraft:trigger_trapped_chest":5,"minecraft:damage_dealt":1452,"minecraft:fly_one_cm":413645,"minecraft:swim_one_cm":20024,"minecraft:open_chest":68,"minecraft:crouch_one_cm":57243,"minecraft:fall_one_cm":37130},"minecraft:killed_by":{"minecraft:zombie":1},"minecraft:mined":{"minecraft:brewing_stand":1,"minecraft:granite":1,"minecraft:grass_block":646,"minecraft:spruce_leaves":85,"minecraft:cartography_table":1,"minecraft:hopper":1,"minecraft:sandstone":1,"minecraft:spawner":1,"minecraft:large_fern":1,"minecraft:redstone_ore":6,"minecraft:iron_ore":62,"minecraft:cobbled_deepslate":1,"minecraft:barrel":2,"minecraft:snow":195,"minecraft:andesite":18,"minecraft:deepslate_lapis_ore":8,"minecraft:fletching_table":1,"minecraft:dark_oak_stairs":2,"minecraft:pointed_dripstone":6,"minecraft:deepslate_iron_ore":31,"minecraft:rail":76,"minecraft:iron_bars":2,"minecraft:packed_ice":1,"minecraft:stone":193,"minecraft:redstone_wall_torch":1,"minecraft:tripwire":4,"minecraft:deepslate_redstone_ore":4,"minecraft:red_bed":7,"minecraft:infested_stone_bricks":1,"minecraft:smoker":1,"minecraft:crafting_table":2,"minecraft:torch":1,"minecraft:short_grass":15,"minecraft:blast_furnace":1,"minecraft:chest":3,"minecraft:cobblestone":13,"minecraft:sugar_cane":3,"minecraft:diorite":12,"minecraft:blue_bed":1,"minecraft:wall_torch":1,"minecraft:ice":3,"minecraft:white_carpet":2,"minecraft:spruce_log":43,"minecraft:infested_mossy_stone_bricks":1,"minecraft:coal_ore":12,"minecraft:dripstone_block":10,"minecraft:gravel":1,"minecraft:sand":15,"minecraft:dirt":65,"minecraft:cobweb":28,"minecraft:cracked_stone_bricks":5,"minecraft:stonecutter":1,"minecraft:stone_bricks":15,"minecraft:mossy_stone_bricks":7,"minecraft:deepslate":9,"minecraft:infested_stone":1},"minecraft:used":{"minecraft:oak_fence":1,"minecraft:iron_shovel":116,"minecraft:spruce_slab":3,"minecraft:ladder":3,"minecraft:chest":8,"minecraft:shield":4,"minecraft:iron_sword":45,"minecraft:spruce_leaves":1,"minecraft:torch":76,"minecraft:brewing_stand":1,"minecraft:dirt":10,"minecraft:hopper":4,"minecraft:iron_axe":48,"minecraft:barrel":3,"minecraft:stone_bricks":11,"minecraft:tripwire_hook":5,"minecraft:cooked_cod":6,"minecraft:cobbled_deepslate":7,"minecraft:water_bucket":8,"minecraft:mossy_stone_bricks":6,"minecraft:powered_rail":2,"minecraft:stone_pickaxe":122,"minecraft:wooden_pickaxe":43,"minecraft:sandstone":2,"minecraft:spruce_sign":13,"minecraft:diamond_axe":2,"minecraft:blue_bed":1,"minecraft:cracked_stone_bricks":3,"minecraft:rail":29,"minecraft:sand":11,"minecraft:crafting_table":4,"minecraft:red_bed":7,"minecraft:blast_furnace":1,"minecraft:dripstone_block":3,"minecraft:shears":7,"minecraft:redstone_torch":3,"minecraft:lever":3,"minecraft:diamond_pickaxe":73,"minecraft:diamond_shovel":690,"minecraft:bread":26,"minecraft:string":12,"minecraft:iron_pickaxe":288,"minecraft:spruce_trapdoor":4,"minecraft:spruce_sapling":8,"minecraft:gravel":5,"minecraft:cobblestone":126,"minecraft:smithing_table":1,"minecraft:bucket":10,"minecraft:splash_potion":1},"minecraft:picked_up":{"minecraft:spruce_leaves":2,"minecraft:crafting_table":2,"minecraft:ladder":3,"minecraft:leather_leggings":1,"minecraft:chest_minecart":2,"minecraft:brewing_stand":1,"minecraft:shield":1,"minecraft:string":8020,"minecraft:red_bed":7,"minecraft:iron_axe":1,"minecraft:white_carpet":2,"minecraft:iron_shovel":1,"minecraft:oak_sign":1,"minecraft:cracked_stone_bricks":5,"minecraft:cartography_table":1,"minecraft:cobbled_deepslate":13,"minecraft:spruce_planks":3,"minecraft:redstone_torch":1,"minecraft:iron_pickaxe":1,"minecraft:chest":2,"minecraft:sugar_cane":16,"minecraft:stick":8,"minecraft:raw_iron":92,"minecraft:sandstone":1,"minecraft:oak_fence":1,"minecraft:torch":5,"minecraft:pointed_dripstone":20,"minecraft:diorite":14,"minecraft:redstone":88,"minecraft:rotten_flesh":6,"minecraft:beetroot_seeds":6,"minecraft:shears":1,"minecraft:glow_berries":6,"minecraft:mutton":1,"minecraft:snowball":194,"minecraft:iron_bars":2,"minecraft:rail":152,"minecraft:white_wool":1,"minecraft:cobblestone":215,"minecraft:leather_chestplate":1,"minecraft:water_bucket":2,"minecraft:andesite":18,"minecraft:smoker":1,"minecraft:potato":9,"minecraft:lapis_lazuli":98,"minecraft:dirt":788,"minecraft:blue_bed":1,"minecraft:cooked_mutton":1,"minecraft:stone_bricks":17,"minecraft:stonecutter":1,"minecraft:wheat_seeds":1,"minecraft:iron_ingot":60,"minecraft:mossy_stone_bricks":7,"minecraft:fletching_table":1,"minecraft:powered_rail":6,"minecraft:iron_sword":1,"minecraft:dark_oak_stairs":2,"minecraft:dripstone_block":19,"minecraft:gravel":9,"minecraft:sand":15,"minecraft:spruce_sapling":16,"minecraft:blast_furnace":1,"minecraft:spruce_log":43,"minecraft:barrel":2,"minecraft:spruce_door":4,"minecraft:lever":1,"minecraft:granite":3,"minecraft:golden_apple":1,"minecraft:emerald":18,"minecraft:spruce_sign":4,"minecraft:coal":14,"minecraft:hopper":1,"minecraft:ender_pearl":2}},"DataVersion":3700}