{"stats":{"minecraft:crafted":{"minecraft:oak_planks":12,"minecraft:crafting_table":1,"minecraft:stick":4,"minecraft:wooden_pickaxe":1,"minecraft:wooden_axe":1},"minecraft:used":{"minecraft:oak_log":1,"minecraft:wooden_axe":2,"minecraft:apple":1,"minecraft:wooden_pickaxe":7,"minecraft:dirt":20,"minecraft:crafting_table":1},"minecraft:picked_up":{"minecraft:stick":5,"minecraft:crafting_table":1,"minecraft:porkchop":3,"minecraft:oak_log":15,"minecraft:dirt":25,"minecraft:apple":1,"minecraft:wheat_seeds":1,"minecraft:oak_sapling":8,"minecraft:sugar_cane":20,"minecraft:cobblestone":6},"minecraft:mined":{"minecraft:seagrass":1,"minecraft:brown_mushroom":1,"minecraft:crafting_table":1,"minecraft:grass":4,"minecraft:grass_block":7,"minecraft:oak_log":15,"minecraft:dirt":18,"minecraft:stone":6,"minecraft:lily_pad":1,"minecraft:sugar_cane":10,"minecraft:oak_leaves":3},"minecraft:custom":{"minecraft:time_since_rest":55250,"minecraft:sprint_one_cm":37974,"minecraft:damage_taken":70,"minecraft:walk_one_cm":35087,"minecraft:mob_kills":1,"minecraft:damage_dealt":100,"minecraft:swim_one_cm":1494,"minecraft:interact_with_crafting_table":32,"minecraft:fly_one_cm":56090,"minecraft:crouch_one_cm":2295,"minecraft:play_time":55250,"minecraft:sneak_time":1493,"minecraft:walk_under_water_one_cm":1815,"minecraft:jump":338,"minecraft:leave_game":1,"minecraft:walk_on_water_one_cm":5746,"minecraft:time_since_death":55250,"minecraft:climb_one_cm":1408,"minecraft:total_world_time":55250,"minecraft:fall_one_cm":4691},"minecraft:killed":{"minecraft:pig":1}},"DataVersion":3578}