{"stats":{"minecraft:custom":{"minecraft:mob_kills":38,"minecraft:animals_bred":5,"minecraft:interact_with_crafting_table":59,"minecraft:open_barrel":56,"minecraft:leave_game":1,"minecraft:time_since_death":23139,"minecraft:climb_one_cm":607,"minecraft:sprint_one_cm":1081775,"minecraft:walk_one_cm":741105,"minecraft:damage_blocked_by_shield":652,"minecraft:drop":261,"minecraft:talked_to_villager":431,"minecraft:play_time":399699,"minecraft:sneak_time":35288,"minecraft:deaths":6,"minecraft:walk_under_water_one_cm":3900,"minecraft:boat_one_cm":25823,"minecraft:jump":4634,"minecraft:interact_with_blast_furnace":24,"minecraft:walk_on_water_one_cm":38292,"minecraft:total_world_time":399699,"minecraft:interact_with_furnace":27,"minecraft:traded_with_villager":942,"minecraft:sleep_in_bed":28,"minecraft:time_since_rest":6202,"minecraft:damage_taken":3625,"minecraft:damage_dealt":7161,"minecraft:swim_one_cm":6126,"minecraft:fly_one_cm":955789,"minecraft:open_chest":92,"minecraft:crouch_one_cm":119426,"minecraft:fall_one_cm":105359},"minecraft:used":{"minecraft:beetroot":5,"minecraft:oak_trapdoor":30,"minecraft:stone_shovel":419,"minecraft:poppy":1,"minecraft:chest":3,"minecraft:shield":7,"minecraft:stone_hoe":284,"minecraft:oak_door":1,"minecraft:torch":145,"minecraft:dirt":342,"minecraft:white_carpet":171,"minecraft:chainmail_chestplate":1,"minecraft:cobblestone_wall":6,"minecraft:carrot":21,"minecraft:furnace_minecart":1,"minecraft:granite":4,"minecraft:glass":15,"minecraft:wooden_axe":16,"minecraft:bookshelf":3,"minecraft:iron_axe":59,"minecraft:iron_boots":1,"minecraft:barrel":10,"minecraft:tripwire_hook":2,"minecraft:bamboo":11,"minecraft:bow":2,"minecraft:furnace":3,"minecraft:beetroot_seeds":15,"minecraft:minecart":9,"minecraft:potato":158,"minecraft:wheat_seeds":65,"minecraft:water_bucket":21,"minecraft:diamond_boots":1,"minecraft:stone_pickaxe":743,"minecraft:oak_planks":15,"minecraft:wooden_pickaxe":33,"minecraft:composter":7,"minecraft:sugar_cane":28,"minecraft:cobblestone_slab":74,"minecraft:mossy_cobblestone":10,"minecraft:sand":22,"minecraft:rail":206,"minecraft:oak_slab":36,"minecraft:crafting_table":15,"minecraft:blast_furnace":3,"minecraft:white_bed":4,"minecraft:shears":3,"minecraft:lever":1,"minecraft:iron_pickaxe":336,"minecraft:string":9,"minecraft:bread":14,"minecraft:suspicious_stew":2,"minecraft:lectern":151,"minecraft:gravel":4,"minecraft:stone_axe":225,"minecraft:cobblestone":563,"minecraft:smithing_table":2,"minecraft:bucket":23,"minecraft:pumpkin_pie":57,"minecraft:yellow_bed":15,"minecraft:oak_boat":12,"minecraft:dandelion":1,"minecraft:bone_meal":4},"minecraft:dropped":{"minecraft:stone_hoe":24,"minecraft:bread":727,"minecraft:wheat_seeds":31,"minecraft:poisonous_potato":1,"minecraft:oak_fence":7,"minecraft:cookie":180,"minecraft:feather":2,"minecraft:chainmail_helmet":11,"minecraft:dirt":304,"minecraft:oak_stairs":50,"minecraft:pumpkin_pie":1,"minecraft:furnace_minecart":1,"minecraft:white_wool":128,"minecraft:dandelion":2,"minecraft:cauldron":4,"minecraft:bone":7,"minecraft:oak_door":1,"minecraft:gravel":6,"minecraft:stone_axe":21,"minecraft:oak_trapdoor":2,"minecraft:iron_nugget":6,"minecraft:cobbled_deepslate":3,"minecraft:bowl":6,"minecraft:diamond_hoe":2,"minecraft:wheat":15,"minecraft:chicken":1,"minecraft:rotten_flesh":13,"minecraft:iron_boots":71,"minecraft:oak_planks":4,"minecraft:oak_sign":3,"minecraft:carrot":67,"minecraft:chainmail_chestplate":26,"minecraft:poppy":1,"minecraft:cobblestone_slab":18,"minecraft:potato":28,"minecraft:gunpowder":2,"minecraft:oak_sapling":6,"minecraft:oak_boat":1,"minecraft:stone_pickaxe":1,"minecraft:arrow":11,"minecraft:bow":1,"minecraft:beef":18,"minecraft:wooden_pickaxe":1,"minecraft:bell":3},"minecraft:killed_by":{"minecraft:spider":1,"minecraft:skeleton":4,"minecraft:zombie":1},"minecraft:crafted":{"minecraft:oak_door":6,"minecraft:chainmail_helmet":5,"minecraft:cookie":90,"minecraft:smooth_stone":3,"minecraft:oak_planks":304,"minecraft:oak_sign":3,"minecraft:barrel":5,"minecraft:cobblestone_slab":36,"minecraft:stone_shovel":3,"minecraft:tripwire_hook":2,"minecraft:iron_nugget":24,"minecraft:diamond_hoe":3,"minecraft:furnace":3,"minecraft:blast_furnace":1,"minecraft:stone":3,"minecraft:lever":1,"minecraft:bookshelf":7,"minecraft:white_carpet":126,"minecraft:suspicious_stew":2,"minecraft:oak_trapdoor":22,"minecraft:glass":18,"minecraft:diamond_helmet":1,"minecraft:diamond_leggings":1,"minecraft:iron_boots":58,"minecraft:iron_axe":1,"minecraft:stone_pickaxe":6,"minecraft:cobblestone_wall":6,"minecraft:diamond_boots":1,"minecraft:rail":64,"minecraft:stone_hoe":23,"minecraft:minecart":2,"minecraft:wheat":702,"minecraft:furnace_minecart":1,"minecraft:oak_slab":42,"minecraft:emerald":681,"minecraft:diamond_axe":3,"minecraft:crafting_table":5,"minecraft:wooden_pickaxe":2,"minecraft:smithing_table":1,"minecraft:chainmail_chestplate":12,"minecraft:bell":3,"minecraft:bucket":2,"minecraft:stone_axe":23,"minecraft:enchanted_book":4,"minecraft:bread":738,"minecraft:air":0,"minecraft:oak_boat":1,"minecraft:diamond_pickaxe":2,"minecraft:lectern":4,"minecraft:white_wool":712,"minecraft:book":12,"minecraft:paper":36,"minecraft:shield":1,"minecraft:stick":68,"minecraft:iron_ingot":86,"minecraft:iron_pickaxe":2,"minecraft:wooden_axe":1,"minecraft:pumpkin_pie":124,"minecraft:torch":100,"minecraft:shears":1,"minecraft:diamond_chestplate":1},"minecraft:killed":{"minecraft:skeleton":8,"minecraft:chicken":1,"minecraft:iron_golem":1,"minecraft:creeper":2,"minecraft:zombie":13,"minecraft:donkey":3,"minecraft:villager":2,"minecraft:cow":6},"minecraft:picked_up":{"minecraft:crafting_table":12,"minecraft:wheat":25,"minecraft:smithing_table":1,"minecraft:chicken":1,"minecraft:leather_leggings":1,"minecraft:wooden_pickaxe":1,"minecraft:oak_stairs":50,"minecraft:brewing_stand":1,"minecraft:string":18622,"minecraft:oak_trapdoor":10,"minecraft:white_carpet":45,"minecraft:beetroot":5,"minecraft:diamond_leggings":1,"minecraft:cobbled_deepslate":3,"minecraft:beef":18,"minecraft:oak_boat":12,"minecraft:cobblestone_slab":56,"minecraft:poppy":2,"minecraft:iron_pickaxe":1,"minecraft:minecart":10,"minecraft:lectern":150,"minecraft:sugar_cane":236,"minecraft:chest":3,"minecraft:iron_boots":45,"minecraft:furnace":3,"minecraft:stick":2,"minecraft:raw_iron":65,"minecraft:oak_door":1,"minecraft:composter":7,"minecraft:oak_fence":7,"minecraft:torch":59,"minecraft:bowl":4,"minecraft:cookie":90,"minecraft:carrot":155,"minecraft:redstone":23,"minecraft:cauldron":4,"minecraft:diamond_chestplate":1,"minecraft:arrow":15,"minecraft:rotten_flesh":15,"minecraft:beetroot_seeds":15,"minecraft:pumpkin_pie":175,"minecraft:shears":2,"minecraft:diamond_boots":2,"minecraft:hay_block":78,"minecraft:white_wool":128,"minecraft:rail":149,"minecraft:cobblestone":743,"minecraft:stripped_oak_log":16,"minecraft:furnace_minecart":2,"minecraft:feather":2,"minecraft:glow_ink_sac":1,"minecraft:water_bucket":1,"minecraft:leather":11,"minecraft:smoker":1,"minecraft:potato":186,"minecraft:chainmail_chestplate":14,"minecraft:oak_log":57,"minecraft:yellow_bed":15,"minecraft:gunpowder":6,"minecraft:lapis_lazuli":40,"minecraft:dirt":714,"minecraft:leather_boots":1,"minecraft:glass":3,"minecraft:bone":7,"minecraft:apple":10,"minecraft:bow":1,"minecraft:stonecutter":1,"minecraft:wheat_seeds":96,"minecraft:raw_gold":6,"minecraft:iron_ingot":5,"minecraft:stone_pickaxe":3,"minecraft:diamond_helmet":2,"minecraft:stripped_oak_wood":3,"minecraft:bamboo":11,"minecraft:stone_hoe":3,"minecraft:oak_planks":86,"minecraft:book":9,"minecraft:oak_slab":42,"minecraft:dandelion":3,"minecraft:poisonous_potato":1,"minecraft:gravel":10,"minecraft:sand":50,"minecraft:blast_furnace":2,"minecraft:white_bed":4,"minecraft:loom":2,"minecraft:barrel":7,"minecraft:mossy_cobblestone":11,"minecraft:diamond":3,"minecraft:granite":4,"minecraft:bone_meal":4,"minecraft:chainmail_helmet":6,"minecraft:emerald":144,"minecraft:oak_sapling":6,"minecraft:coal":55},"minecraft:mined":{"minecraft:white_bed":4,"minecraft:farmland":2,"minecraft:mossy_cobblestone":10,"minecraft:deepslate_diamond_ore":3,"minecraft:brewing_stand":1,"minecraft:granite":6,"minecraft:grass_block":207,"minecraft:composter":7,"minecraft:hay_block":78,"minecraft:oak_trapdoor":11,"minecraft:carrots":73,"minecraft:furnace":3,"minecraft:iron_ore":46,"minecraft:barrel":7,"minecraft:andesite":1,"minecraft:deepslate_iron_ore":3,"minecraft:bookshelf":3,"minecraft:potatoes":63,"minecraft:dirt_path":60,"minecraft:water_cauldron":4,"minecraft:cobblestone_slab":46,"minecraft:rail":139,"minecraft:oak_stairs":50,"minecraft:stripped_oak_log":16,"minecraft:bamboo":1,"minecraft:stone":422,"minecraft:smithing_table":1,"minecraft:tripwire":6,"minecraft:deepslate_redstone_ore":5,"minecraft:oak_slab":23,"minecraft:glass_pane":3,"minecraft:smoker":1,"minecraft:dandelion":1,"minecraft:oak_fence":7,"minecraft:crafting_table":11,"minecraft:torch":13,"minecraft:short_grass":335,"minecraft:blast_furnace":2,"minecraft:poppy":1,"minecraft:chest":3,"minecraft:lectern":147,"minecraft:lapis_ore":6,"minecraft:tall_grass":37,"minecraft:glass":6,"minecraft:cobblestone":247,"minecraft:oak_planks":37,"minecraft:sugar_cane":161,"minecraft:wall_torch":10,"minecraft:wheat":17,"minecraft:white_carpet":36,"minecraft:birch_leaves":1,"minecraft:stripped_oak_wood":3,"minecraft:yellow_bed":15,"minecraft:oak_log":57,"minecraft:coal_ore":31,"minecraft:beetroots":5,"minecraft:gravel":10,"minecraft:loom":2,"minecraft:dirt":227,"minecraft:sand":40,"minecraft:stonecutter":1,"minecraft:deepslate":6,"minecraft:gold_ore":6,"minecraft:oak_leaves":13,"minecraft:fern":2},"minecraft:broken":{"minecraft:stone_hoe":1,"minecraft:wooden_pickaxe":1,"minecraft:stone_pickaxe":4,"minecraft:stone_axe":2,"minecraft:iron_pickaxe":1,"minecraft:stone_shovel":3}},"DataVersion":3700}